filename,category,ocr_text,detected_language,translation_en,translation_ja,translation_ur,translation_zh,status
0 (1).jpg,manga,,unknown,,,,,success
0 (2).jpg,manga,BUT DRVER MO TO BATTLE BY BH THE CROWD WILL WAIT LINT ER. WO MATTER? HOW LONG,en,,しかし、ドライバーMOはBHと戦い、群衆はリンターを待ちます。どうでもいいですか？どのぐらいの間,لیکن DRVER MO TO BATTLE By BH The Crowd WILL IT lint ER۔ کیا بات ہے؟ کتنا عرصہ,但是驾驶者莫要与 BH 作战，人群会等待林特。 WO重要吗？多长时间,success
0 (3).jpg,manga,,unknown,,,,,success
0 (4).jpg,manga,WAY BET you 6uys THOUGHT WAS RUSTY AFTER SO MANY YEACS,so,WAY BET YOU THOUGHT WAS RUSTY AFTER SO MANY YEACS,,,,success
0.jpg,manga,SHOULD I SUSPEND YOUR RIGHT TO TAKE PHOTOS NEXT?! YOU CAN NO LONGER DO INTERVIEWS!,en,,次に写真を撮る権利を一時停止したほうがいいでしょうか?!もうインタビューはできません！,کیا مجھے اگلی تصویریں لینے کا آپ کا حق معطل کر دینا چاہیے؟! اب آپ انٹرویوز نہیں کر سکتے!,接下来我是不是应该暂停你拍照的权利？！您不能再接受采访了！,success
15.jpeg,manga,ASNS,tl,ASNS,,,,success
2.jpg,manga,,unknown,,,,,success
5.jpg,manga,ie EW Hea,nl,ie EW Hea,,,,success
Screenshot_1.png,manga,"DETECTIVE COMICS NEXT DAY, AS NEWS OF DICE'S STRANGE DEATH RESOUND: THROUGH GOTHAM CITY..- Poice DIED BEFORE THE VERY AN AUTOPSY HAS REVEALED NOTHING THAN DEATH FROM NATURAL CAUSES. I COMMISSIONER GORDON-- THIS IS FRED BARKER: I'VE RECEIVED THE SAME TYPE Y OF DEATH-NOTE THATIIM DICE DID.’ YOu""VE GOT HELP ME! WE'RE NOT EARLY- your WATCH MUST EL WATERS AND COMMISSIONER BE AND GORDON! BUT YOU'RE EARLY--HAS SOME- FINE--THE POLICE THING GONE WRONG? JA WILL BE ALONG IN A MOMENT. STILL, THERE WAS THAT NOTE, COMMISSIONER. EYES OF MORE THAN PEOPLE!) COULD IT HAVE BEEN A COINCIDENCE I WISH FELLS HADN'T THOUGHT CANNOT TERM THROWN IT AWAY... BATMAN, I KNOW YOU LOVE A MYSTERY-- BUT THIS BE _MURDER-- IT'S COME ON; NOW-= I'VE MORE IM= PORTANT ASSIGNMENTS) A FOR ff YOU! BUT DON'T WoRRY-JUST TO BE SAFE, LL HAVE YOUR HOUSE FULL OF POLICE TONIGHT.” iy I SEE, FRED YOU'RE GOING TO BE OKAY. COME IN READINESS, CARDS TILL THIS COMMISSIONER. MY. BLOWS",en,,翌日、探偵漫画、ダイスの奇妙な死のニュースがゴッサムシティ中に響きわたる… - 解剖によって自然死以外の何も明らかにならないうちに、ポースは死亡した。ゴードン長官--フレッド・バーカーです:ダイスが受け取ったのと同じタイプYのデスノートを受け取りました。』助けてください!私たちはまだ早くありません-あなたの時計はエル・ウォーターズと長官とゴードンでなければなりません!しかし、あなたは早い--大丈夫です--警察は間違いを犯しましたか? JA はすぐに解決します。それでも、そのメモは多くの人から注目されていました!) 捨てられないとは思わなかったのは偶然でしたか... バットマン、あなたがミステリーを愛していることは知っています。でも、これは殺人です - さあ、もうすぐです - = 私にはもっと重要な任務があります) でも心配しないでください - 安全のため、今夜あなたの家は警察でいっぱいです。」なるほど、フレッド、きっと大丈夫だよ。準備を整えて、この委員長までカードを渡してください。私の。打撃,جاسوسی کامکس اگلے دن، جیسے ہی ڈائس کی عجیب موت کی خبر گونجتی ہے: گوتھم سٹی کے ذریعے۔ میں کمشنر گورڈن-- یہ فریڈ بارکر ہے: مجھے اسی قسم کا Y آف ڈیتھ نوٹ تھاٹیم ڈائس موصول ہوا ہے۔ آپ نے میری مدد کی ہے! ہم جلد نہیں ہیں- آپ کی نگرانی ضروری ہے اور گورڈن ڈبلیو! لیکن آپ کے پاس کچھ ٹھیک ہے - جے اے اب بھی کچھ لوگوں کی نظروں میں تھا! میں نے سوچا بھی نہیں تھا کہ اسے دور پھینک دیا جائے... بیٹ مین، میں جانتا ہوں کہ تم ایک راز سے محبت کرتے ہو-- لیکن یہ _مرڈر ہے-- اب آنے والا ہے-= میرے پاس مزید IM = پورٹ آؤٹ ہے! فکر کریں-محفوظ رہنے کے لیے، آج رات آپ کا گھر پولیس سے بھرا ہو گا۔ میں دیکھ رہا ہوں، فریڈ آپ ٹھیک ہو جائیں گے۔ تیار رہیں، اس کمشنر تک کارڈز۔ میرا بلوز,侦探漫画第二天，关于戴斯离奇死亡的消息传遍了哥谭市……在尸检结果显示他是自然死亡之前，戴斯就去世了。我是戈登专员——我是弗雷德·巴克：我收到了与骰子相同类型的死亡笔记。’你一定要帮帮我！我们还没到——你的手表必须是沃特斯和专员，还有戈登！但是你还早——有一些——很好——警察出问题了？一会儿就会出现，专员，还有更多人的眼睛！）这可能是巧合，我希望不能把它扔掉……蝙蝠侠，我知道你喜欢一个谜——但这是一个巧合。 _谋杀——现在开始了——=我还有更多重要的任务）是给你的！但别担心——为了安全起见，今晚你的房子里都会有警察。”我明白了，弗雷德，你会没事的。请做好准备，向这位专员发卡。我的。吹,success
Screenshot_10.png,manga,,unknown,,,,,success
Screenshot_12.png,manga,,unknown,,,,,success
Screenshot_2.png,manga,"DETECTIVE COMICS OF THE Y JOKER'S REVERSE BUT TWO WATCHING FIGURES HURRY! A TRICKS! WATCH NOT BEEN FOOLED BY THE JOKER'S THOSE CLOCKS CLEVER RUSE.’ ARE WRONG— ALL THEY'RE THAT ANOTHER A THE FUSS RUNNING, HE'S IN THERE REVERSED CRIME! ABOUT BACKWARDS. SOME PLACE... FIRST THE NEWS DOWN oe STORY...THEN THE GETAWAY... AND NOW: HE'LL RETURN TO STEAL GOLD! THERE THAT INVALID IN THE Wt HUNCH IS RIGHT, FOR WHEELCHAIR— HIS SHOES ARE Bam HE'S BEEN WALKING! QUICK NOW'S A OUR CHANCE PLEASE LET US WS A SWELL Net TIME You WAY OPEN PLAY INVALID, JOKER, UP THAT LOCKED WIPE THE DUST OFF YOUR SHOES.’",en,,Y ジョーカーの逆転の探偵漫画、しかし見ている二人は急いでいます！トリック！ジョーカーのあの時計の巧妙な策略に騙されないように気をつけろ。』は間違っている――他人が騒ぎを起こしているのはすべて、彼はそこで逆転の犯罪を犯しているのだ！後進について。どこかの場所...最初にニュース、ストーリー...その後逃走...そして今:彼は金を盗むために戻ってきます!車椅子の場合、その直感が無効であるという意見は正しいです。彼の靴はバムです、彼は歩いているのです！今がチャンスです。オープンまでに十分な時間を与えてください。無効なプレイ、ジョー​​カー、ロックされた靴の上のほこりを拭いてください。」,Y Joker's Revers کی جاسوسی مزاحیہ لیکن دو دیکھنے والی شخصیات جلدی کریں! ایک چالیں! دیکھو جوکر کی گھڑیوں کی چالاک چالوں سے دھوکہ نہیں کھایا گیا۔ ’غلط ہیں- وہ سب ایک اور ہنگامہ خیز چل رہے ہیں، وہ الٹے جرم میں ہے! پیچھے کی طرف کے بارے میں کچھ جگہ... پہلی خبر نیچے کی کہانی... پھر فرار... اور اب: وہ سونا چرانے کے لیے واپس آئے گا! Wt HUNCH میں وہ غلط ہے، وہیل چیئر کے لیے- اس کے جوتے بام ہیں وہ چل رہا ہے! ابھی ہمارا موقع ہے، براہِ کرم ہمیں ایک صاف ستھرا وقت آنے دیں جب آپ کھلے کھلے کھیل کو غلط، جوکر، آپ کے جوتوں کی دھول مٹانے کے لیے بند کر دیں۔,Y小丑反转的侦探漫画，但两个观看人物快点！技巧！注意不要被小丑的那些时钟聪明的诡计所愚弄。”是错误的——所有这些都是另一场大惊小怪的事情，他在那里犯下了逆转的罪行！关于向后。某个地方...首先是故事的新闻...然后是逃跑...现在：他会回来偷金子！那位残疾人的预感是对的，因为他坐轮椅——他的鞋子很糟糕，他一直在走路！现在我们的机会来了，请让我们畅享网络时光，你打开游戏，无效，小丑，上锁，擦掉鞋子上的灰尘。,success
Screenshot_23.png,manga,"CAR rs TH’ Wat per CHEAP-SIXATE HOOKIN’ A Be Rea? “STARTG AGAIN, ALUS WELL UNTIL SHORTY STRIKES A IN ‘THE ROAD, Takes Mer GROUP OF HARD MEN WELL, WHAT'S HAPPENED",en,,格安料金での車の料金は何ですか? 「やり直し、アルス、ショートティが道路で衝突し、屈強な男たちのグループをうまく連れて行くまではうまくいきました、何が起こったのか」,"CAR rs TH' Wat per Cheap-Sixate Hookin' A Be Rea؟ ""دوبارہ شروع کریں، ایلس اس وقت تک جب تک کہ سڑک پر مختصر ہڑتال نہ ہو، سخت آدمیوں کے میر گروپ کو اچھی طرح سے لے جائے، کیا ہوا",CAR rs TH’ Wat per CHEAP-SIXATE HOOKIN’ A Be Rea？ “重新开始，直到矮个子在路上袭击，让梅尔的硬汉们好起来，发生了什么,success
Screenshot_3.png,manga,"Editorial Advisory Board OR, LAURETTA BENDER Associate Professor of Psychiatry School of New York University JOSETTE FRANK Consultant on Children’s Reading, Child Study Association of America OR. BOWIE MILLICAN of English Literature New York University Or. SONES Professor of Education and Director of Curticulum Study, University of Pittsburgh Dr. HARCOURT PEPPARD Acting Director, Bureau of Child Guidance Board of Education, City of New York THERE'S NO SUCH ANIMAL. WE'VE HUNTED HIGH The following mag- azines all bear this trademark as your guarantee of the best in comic reading: ACTION COMICS A DATE WITH JUDY ADVENTURE COMICS ALL-AMERICAN COMICS ALL-FLASH ALL FUNNY COMICS ALL-STAR COMICS ANIMAL ANTICS BATMAN BOY COMMANDOS BUZZY COMIC CAVALCADE DETECTIVE COMICS FLASH COMICS FUNNY FOLKS FUNNY STUFF GREEN LANTERN LEADING COMICS MORE FUN COMICS MUTT JEFF REAL FACT COMICS REAL SCREEN COMICS SENSATION COMICS STAR SPANGLED COMICS SUPERMAN WONDER. WOMAN WORLD'S FINEST COMICS DETECTIVE COMICS, No, Oc! Published mon! ly by National Comics Publications, Lexington Ave., New York Whitney Ellsw Reentered as second closs matter at the Post Office at Now York, under the act of March Yearly subscription in the including postage. Foreign, in American funds, For advert rates oddrese Richard Feldan AND Low, IN LAND OF APE AND CANNIBAL, BUT NOWHERE To BE FOUND IS THE UNKNOWN POOR CHAP, HE'LL NEVER READ THE BOOKS WITH THE SIGN THAT MEANS WANT IT, GEE. -ON THE COVER OF FLASH COMICS FOR YOUR GUARANTEE OF THE BEST IN ANY COMIC MAGAZINE St, New York Entire contents copy- National Comics Publications, Inc. Except those who have authorized ure of their. names, the stories, characters incidents. mentioned ore. en- ticely imaginary and fictitious and ‘no identification with: actual persons, living or dead, is intended or should be inferred. Peinted",en,,"編集諮問委員会 OR、LAURETTA BENDER ニューヨーク大学精神科准教授 JOSETTE FRANK アメリカ児童研究協会、児童読書コンサルタント。ニューヨーク大学英文学のボウイ・ミリカンまたは。 SONES ピッツバーグ大学教育教授兼教育研究部長 ハーコート・ペパード博士 ニューヨーク市児童指導局教育委員会局長代理 そんな動物は存在しない。 WE'VE HUNTED HIGH 以下の雑誌はすべて、最高のコミック読み物を保証するためにこの商標を付けています: アクション コミック ジュディとのデート アドベンチャー コミック オール アメリカン コミック オール フラッシュ オール ファニー コミック オールスター コミック アニマル アンチックス バットマン ボーイ コマンドズ バジー コミック カヴァルケイド 刑事コミック フラッシュ コミックファニー・フォークス ファニー・スタッフ グリーン・ランタン リーディング・コミック もっと楽しいコミック マット・ジェフ リアル・ファクト・コミック リアル・スクリーン・コミック センセーション・コミック スター・スパングル・コミック スーパーマン・ワンダー。女性世界最高のコミック探偵コミック、いいえ、オク！公開モン！ニューヨーク州レキシントンアベニュー、ナショナル・コミックス・パブリケーションズ社発行 ホイットニー・エルズ 郵便料金込みの 3 月年間定期購読の法に基づいて、ナウヨークの郵便局で第 2 次事項として再入力されました。外国人で、アメリカの資金で、広告料金は奇妙だ リチャード・フェルダンとロー、猿と人食いの国で、でもどこにも無名の貧乏人は見つからない、彼はそれが欲しいという意味のサインが書かれた本を決して読まないでしょう、おい。 - あらゆるコミック雑誌の中で最高のものを保証するために、フラッシュ コミックの表紙に掲載 ニューヨーク州セント 内容全体のコピー - National Comic Publications, Inc. 許可を与えた者を除く。名前、ストーリー、登場人物の事件。鉱石について言及した。非常に想像的で架空のものであり、生死を問わず、実際の人物との同一視は意図されておらず、また推測されるべきではありません。塗装済み",ایڈیٹوریل ایڈوائزری بورڈ یا، نیویارک یونیورسٹی کے سائیکیٹری سکول کے ایسوسی ایٹ پروفیسر جوسیٹ فرینک کنسلٹنٹ برائے چلڈرن ریڈنگ، چائلڈ سٹڈی ایسوسی ایشن آف امریکہ یا۔ BOWIE MILLICAN انگریزی ادب نیویارک یونیورسٹی یا. SONES پروفیسر آف ایجوکیشن اور ڈائریکٹر آف کرٹیکولم اسٹڈی، یونیورسٹی آف پٹسبرگ ڈاکٹر ہارکورٹ پیپرڈ قائم مقام ڈائریکٹر، بیورو آف چائلڈ گائیڈنس بورڈ آف ایجوکیشن، سٹی آف نیویارک ایسا کوئی جانور نہیں ہے۔ ہم نے اعلیٰ درجے کا شکار کیا ہے مندرجہ ذیل میگزینز تمام اس ٹریڈ مارک کو مزاحیہ پڑھنے میں بہترین کی ضمانت کے طور پر رکھتے ہیں: ایکشن کامکس ایک تاریخ کے ساتھ جوڈی ایڈونچر کامکس آل امریکن کامکس آل فلاش تمام فنی کامکس آل اسٹار کامکس اور بی ایم بی۔ BUZZY COMIC CAVALCADE جاسوسی مزاحیہ مزاحیہ فلیش کامکس مضحکہ خیز لوگ مضحکہ خیز مواد سبز لالٹین معروف کامکس مزید مزے دار کامکس مٹ جیف حقیقی حقیقت کامکس اصلی اسکرین کامکس سینسیشن کامکس اسپینسسٹارڈس۔ عورت کی دنیا کی بہترین مزاحیہ جاسوسی مزاحیہ، نہیں، Oc! شائع شدہ پیر! نیشنل کامکس پبلی کیشنز، لیکسنگٹن ایوینیو، نیو یارک کی طرف سے وٹنی ایلسو نے ڈاک سمیت مارچ کے سالانہ سبسکرپشن کے ایکٹ کے تحت، ناؤ یارک کے پوسٹ آفس میں دوسرے بند معاملے کے طور پر دوبارہ داخلہ لیا۔ فارن، امریکن فنڈز میں، اشتہاری شرحوں کے لیے رچرڈ فیلڈن اور لو، ان لینڈ آف ایپی اینڈ کینبل، لیکن کہیں بھی نہیں ملنا نامعلوم غریب چیپ ہے، وہ کبھی بھی بہنوں کے ساتھ کتابیں نہیں پڑھے گا۔ -کسی بھی مزاحیہ میگزین سینٹ، نیو یارک میں آپ کی بہترین گارنٹی کے لیے فلیش کامکس کے سرورق پر پورے مواد کی کاپی- نیشنل کامکس پبلی کیشنز، انکارپوریٹڈ کے علاوہ ان لوگوں کے جنہوں نے اس کی اجازت دی ہے۔ نام، کہانیاں، کرداروں کے واقعات۔ ذکر شدہ ایسک. فرضی طور پر خیالی اور فرضی اور 'اس کے ساتھ کوئی شناخت نہیں: حقیقی افراد، زندہ یا مردہ، مقصود ہے یا اس کا اندازہ لگایا جانا چاہیے۔ پینٹ شدہ,"编辑顾问委员会 OR，LAURETTA BENDER 纽约大学精神病学学院副教授 JOSETTE FRANK 美国儿童研究协会儿童阅读顾问 OR。纽约大学英语文学专业的 BOWIE MILLICAN。 SONES 匹兹堡大学教育教授兼课程研究主任 HARCOURT PEPPARD 博士 纽约市教育委员会儿童指导局代理主任 没有这样的动物。 WE’VE HUNTED HIGH 以下杂志均标有此商标，作为您获得最佳漫画阅读体验的保证： ACTION COMICS A DATE with JUDY ADVENTURE COMICS ALL-AMERICAN COMICS ALL-FLASH ALL FUNNY COMICS ALL-STAR COMICS ANIMAL ANTICS BATMAN BOY COMMANDOS BUZZY COMIC CAVALCADE 侦探漫画 Flash COMICS FUNNY民间有趣的东西 绿灯侠 领先漫画 更有趣的漫画 穆特·杰夫 真实漫画 真实屏幕漫画 轰动漫画 星条旗漫画 超人奇迹。女性世界最好的漫画侦探漫画，不，OC！周一发布！由纽约列克星敦大道国家漫画出版社出版 惠特尼·埃尔斯 (Whitney Ellsw) 根据 3 月份的法案，在纽约邮局重新登记为第二封邮件，包括邮资的年度订阅。外国，在美国资金中，对于广告费奇数理查德·费尔丹和低，在猿和食人族的土地上，但无处可找到的是未知的可怜的家伙，他永远不会读带有意味着想要它的标志的书，哎呀。 - FLASH 漫画封面，保证您获得任何漫画杂志中的最佳内容 纽约州圣 全部内容复制 - National Comics Publications, Inc. 经其授权的人除外。名字、故事、人物事件。提到的矿石。令人着迷的想象和虚构，并且“不认同：真实的人，无论是活着的还是死了的，是有意或应该推断的。”彩绘",success
Screenshot_4.png,manga,,unknown,,,,,success
Screenshot_5.png,manga,"NOT YET, SIR, BUT HE HAS TO BE HERE TIMOR, ARE YOU _THEREP",en,,まだですよ、でも彼はティモールに来なければなりません、あなたはそこにいるのですか？,ابھی نہیں جناب، لیکن اسے یہاں ہونا ہے تیمور، کیا آپ ہیں؟,还没有，先生，但他必须在这里 TIMOR，你在吗？,success
Screenshot_6.png,manga,Fe IX FABIA,de,Fe IX FABIA,,,,success
Screenshot_7.png,manga,SF Fx AEF PANE,da,SF Fx AEF PANE,,,,success
Screenshot_8.png,manga,,unknown,,,,,success
handwritten_1.jpg,handwritten,"$$ $$$
So",so,"$$ $$$
So",,,,success
image (1).jpg,handwritten,"a 4
eae” , ae LS in an ad Neer as cAN Noe | all * | an t me ~ | : ~ i 7 4 - \",en,,"4
eae” 、広告内の ae LS Neer as cAN Noe | all * | an t me ~ | : ~ i 7 4 - \","ایک 4
eae” , ae LS ایک اشتہار میں Neer as can Noe | all * | an t me ~ | : ~ i 7 4 - \","一个 4
eae” , ae LS 在广告中 Neer as can Noe | all * | an t me ~ | : ~ i 7 4 - \",success
image (10).jpg,handwritten,"xSSuredness ""Be ila Belle Narie "" ¢ ue lophoue J O. lively song thal change Lemp mid-way .",en,,"xSSuredness ""Be ila Belle Narie"" ¢ ue lophoue J O. 活気のある曲で、途中で Lemp が変わります。","xSSuredness ""Be ila Belle Narie"" ¢ ue lophoue J O. زندہ دل گانا تھال چینج Lemp مڈ وے .",xSSuredness“Be ila Belle Narie”∽ lochoue J O. 活泼的歌曲，中途改变了 Lemp。,success
image (11).jpg,handwritten,Showing Yab Suth ChangeS are of 0,en,,Yab Suth の変更が 0 件であることを表示しています,یاب سوتھ کی تبدیلیاں 0 دکھا رہی ہیں۔,显示 Yab Suth ChangeS 为 0,success
image (2).jpg,handwritten,"‘ \ la a
\",ca,"' \ the a
\",,,,success
image (3).jpg,handwritten,", oe iw op sort: - an Le pe Senor re = wo” 1 - . ¥, '. f o i - Lf i Oe wot 4 & eer - we 4 od _ rm vs , fe a st, E of we x , By yor . t ’ ‘ oy / “it j : vs v . a. f “i
? } fo fae LR Seg Ow EE og PPP FM a NA fo oe le PF ff PETS Di E ER ot pe
; é fe t..-— ed ra e oe CS ff an ge ~"" / Z aa neg { po ft, 9° OAS ; de non ee” i a ed La ial in te FO. a . f me",en,,", oe iw op sort: - an Le pe Senor re = wo” 1 - . ¥, '. f o i - Lf i Oe wot 4 & eer - we 4 od _ rm vs , fe ast, E of we x , By yor . t ’ ‘ oy / “it j : vs v . ａ． f「私」
? } fo fae LR Seg Ow EE og PPP FM a NA fo oe le PF ff PETS Di E ER ot pe
; é fe t..-— ed ra e oe CS ffange ~"" / Z aa neg {po ft、9° OAS ; de non ee」は、Laial inte FO. a . f me を作成しました。",", oe iw op sort: - an Le pe Senor re = wo” 1 - . ¥, '. f o i - Lf i Oe wot 4 & eer - we 4 od _rm بمقابلہ , fe a st, E of we x , By yor. t ’ oy / “it j : vs v . a f ""i
? } fo fae LR Seg Ow EE og PPP FM a NA fo oe le PF ff PETS Di E ER ot pe
; é fe t..-- ed ra e oe CS ff an ge ~"" / Z aa neg { po ft, 9° OAS ; de non ee” i a ed La ial in te FO. a. f me",", oe iw op 排序： - an Le pe Senor re = wo” 1 - . ¥, '. f o i - Lf i Oe wot 4 & eer - we 4 od _ rm vs , fe a st, E of we x , By yor . t ' ‘ oy /“it j : vs v .一个。 ”我
？ } fo fae LR Seg Ow EE og PPP FM a NA fo oe le PF ff PETS Di E ER ot pe
; é fe t..-— ed ra e oe CS ff an ge ~"" / Z aa neg { po ft, 9° OAS ; de non ee” i a ed La ial in te FO. a . f me",success
image (4).jpg,handwritten,"feerecser hace been Crolol Nak 44 fg
aoe teen Creleol Nat “cbaur SeuakimenXh",nl,"feerecser hace leg Crolol Nak 44 fg
aoe teen Creleol Nat “cbaur SeuakimenXh",,,,success
image (5).jpg,handwritten,"A. : ; y 2 bee a i Ne f; “ADO ft. oo ean Ph hs Ne ort aa A . } % mane | oY: fi ? a F if J pr. 4, . a - 3 ( y . As | ha. fe oR 7 fy ahr ip? y 4 ""4 Py “AF : v4 . Se
LW Morag RD CPAAD. , ftp te ANE. (ODN EMO Oy }",en,,"A. : ; y 2 蜂 a i Ne f; “ADO ft. oo ean Ph hs Ne ort aa A . } % mane | oY: fi ? a F if J pr. 4, . a - 3 ( y . As | ha. fe oR 7 fy ahr ip? y 4 ""4 Py “AF : v4 . Se
LW モラグ RD CPAAD。 、ftp te ANE。 (ODNエモオイ}","A. : ; y 2 bee a i Ne f; ""ADO ft. oo ean Ph hs Ne ort aa A. } % mane | oY: fi? a F اگر J pr. 4, a - 3 ( y. As | ha. fe oR 7 fy ahr ip? y 4 ""4 Py ""AF : v4 . Se
LW Morag RD CPAAD۔ ، ایف ٹی پی ٹی اے این ای۔ (ODN EMO Oy }","答：：； y 2 蜜蜂 a i Ne f; “ADO ft. oo ean Ph hs Ne ort aa A . } % mane | oY: fi ? a F if J pr. 4, . a - 3 ( y . As | ha. fe or 7 fy ahr ip? y 4 ""4 Py “AF : v4 . Se
LW 莫拉格路 CPAAD。 , FTP TE ANE。 （ODN EMO 有限公司}",success
image (6).jpg,handwritten,"a fe : ~~ . be
a . wv, . ay. a ‘
iat F py: eae . arn fi ; eens x Nha ca OY Dy Mb ait eee ACTS BA EO aE Ke
- ‘5: “4 : Mat: . fe . my, - . ’ ‘pe 3 ny 8 . oy mo esa 4m 7S - ~ AS . me ‘ Se . a aes ‘ “4 tir ‘49 “es "" ate & ite. ; fore Sas ae : 23.8 Fae . a te y Ree . ee Sk Auli” - 4 om *e ‘ wi ee a . ~_—. . ~
Soar, ae Bea ow Eee BES Be ge wee Oe OW BEG Qa hs Ee =e
a Ay oe r i Wiz” WW Nae oe pa Mantle SAP Peet Sey : Sy",en,,"フェ: ~~ 。なる
。 ｗｖ、。ああ。 「
iat F py: eae 。アーンフィ; eens x Nha ca OY Dy Mb ait eee ACTS BA EO aE Ke
- ‘5: “4 : Mat: . fe . my, - . ” ‘pe 3 ny 8 . oy mo esa 4m 7S - ~ AS . me ‘ Se . a aes ‘ “4 tir ‘49 “es” 食べました。 ;フォアサス ae : 23.8 Fae 。 a te y Ree 。 ee Sk Auli」 - 4 om *e ‘ wi ee a . ~_—. . ~
Soar, ae Bea ow Eee BES Be ge wee Oe OW BEG Qa hs Ee =e
a Ay oe r i Wiz” WW Nae oe pa Mantle SAP Peet Sey : Sy","a fe : ~~ . ہونا
ایک wv، . اے ایک '
iat F py: eae۔ آرن فائی eens x Nha ca OY Dy Mb ait eee ACTS BA EO aE Ke
- '5: ""4: Mat: . fe. my, - . ' 'pe 3 ny 8. oy mo esa 4m 7S - ~ AS. me ' Se. a aes ' ""4 tir '49 ""es "" ate &ite۔ ; Fore Sas ae : 23.8 Fae a te y Ree . ee Sk Auli"" - 4 om *e ' wi ee a . ~_—. . ~
چڑھنا، اے بی ای او ای بی ای ایس بی جی وی او ای او بی ای جی قا ایچ ایس ای = ای
A Ay oe r i Wiz” WW Nae oe pa Mantle SAP Peet Sey : Sy","阿菲：~~。是
一个。西弗吉尼亚州，.哎呀。一个‘
iat F py: eae .阿恩菲; eens x Nha ca OY Dy Mb ait eee ACTS BA EO aE Ke
- ‘5: “4 : Mat: . fe . my, - . ” ‘pe 3 ny 8 . oy mo esa 4m 7S - ~ AS . me ‘ Se . a aes ‘ “4 tir ‘49 “es” ate & ite. ;前 Sas ae：23.8 Fae。 a te y Ree。 ee Sk Auli” - 4 om *e ‘ wi ee a . ~_—. . ~
翱翔，ae Bea ow Eee BES Be ge wee Oe OW BEG Qa hs Ee =e
a Ay oe i Wiz” WW Nae oe pa Mantle SAP Peet Sey : Sy",success
image (7).jpg,handwritten,,unknown,,,,,success
image (8).jpg,handwritten,"wy
We Gene 8 I VALS",pl,"you
We Gene 8 AND VALS",,,,success
image (9).jpg,handwritten,,unknown,,,,,success
image.jpg,handwritten,"pO ek, ot Pe. OR gt Pe Ege ae att il Nie coh | or oot Lot"" . fo a aa atid wre
, i, ” oo Piel EE eer a home Co “7 y ak rae ni ~
a / CP",en,,"ペー、ペー。 OR gt Pe Ege ae att il Nie coh |または、oot Lot"" . fo a aa atid wre
, i, ” oo Piel EE eer a home Co “7 y ak rae ni ~
a/CP","pO ek، ot Pe. OR gt Pe Ege ae att il Nie coh | یا اوٹ لوٹ"" . fo a aa atid wre
, i, ” oo Piel EE eer a home Co “7 y ak rae ni ~
a/CP","pO ek，ot Pe。 OR gt Pe Ege ae att il Nie coh |或 oot Lot"" .fo aa atid wre
, i, ” oo Piel EE eer a home Co “7 y ak rae ni ~
一个/CP",success
Screenshot_1.png,handwritten,"| o 4 | 3 . pf ; — A} yp Lf i. J - ; Pah ~ | |
(A \ RUE ad",id,"| o 4 | 3 . pf ; — A} yp Lf i. J - ; Pah~ | |
(A\RUE ad",,,,success
Screenshot_2.png,handwritten,rOndwrit ten,en,,rオンドライトテン,rOndwrit دس,写十,success
Screenshot_3.png,handwritten,"—a— Spee oe wees tome -_———- -—— — .
=> ~~ > ee —— ——_ a me -
Lo eo: ee ag -
= eee

~~ =e ' ;
~~ .- _: ae

; rm
~~ toe i
—> - . a . eT . a os if re
ao tee Tne P i wt a "" er ae et yate Lee le - se ar :
ora ~ . - pats
ae. Ae 4
gy emas ry , . r
Fae AGEN, | a i
aan aa Soe , YU
_ oo: + -. ~ woe * - .
oe ere

-. 1 ol _ an oe, Ty
bon -~ ‘—— = +) a — 1 4 iz.",en,,"—a— Spee oe wees tome -————- -—— — 。
=> ~~ > ええ —— ——_ 私 -
Lo eo: ee ag -
= ええ

~~ =e ' ;
~~ .- _: え

; rm
~~ つま先
—> - 。 。 eT. OSがあれば
ao tee Tne P i wt a ""er ae et yate Lee le-sear :
おら〜。 - 撫でる
ああ。エー4
ギエマスリ、。 r
フェイ・アジェン、 |あ、私
ああ、ああ、ソー、ユ
_oo: + -。 〜悲惨な* - 。
ああ、エレ

-。 1 ol_an oe、Ty
ボン -~ ‘—— = +) a — 1 4 iz.","—a— Spee oe wees tome -_————- ——— — .
=> ~~> ee —— ——_ a me -
لو ایو: ای ای جی -
= eee

~~ =e ' ;
~~ .- _: ae

; rm
~~ پیر i
--> - ایک ای ٹی ایک OS اگر دوبارہ
ao tee Tne P i wt a "" er ae et yate Lee - se ar :
یا ~ --.پیٹ
ae Ae 4
gy emas ry , . r
Fae AGEN، | ایک میں
aan aa Soe , YU
_oo: + -. ~ افسوس * - .
اوہ پہلے

--. 1 ol _ an oe, Ty
bon -~ ‘—— = +) a — 1 4 iz۔","—a— Spee oe wees tome -_——- -—— — 。
=> ~~ > ee —— ——_ 一个我 -
Lo eo: ee ag -
= ee

~~=e';
~~ .- _: ae

; rm
~~脚趾我
—>-。一个。 eT 。操作系统如果重新
ao tee Tne P i wt a ""er ae et yate Lee le-se ar :
奥拉～。 - 拍拍
ae. AE 4
吉埃马斯里，。 r
费阿根，|我
苏
_ oo：+ -。 〜祸* - 。
厄埃雷

-. 1 ol _ oe, Ty
bon -~ ‘—— = +) a — 1 4 iz.",success
test_image.jpg,handwritten,"I-_ Poly cnnal ty ns nrab det eis wpe tatodporntes tie
and _toy, be  salved ra thenl couplet fant Ae
_ urd eGstoo ¢ he pvp st peeple paths PE a$
___NP Cr hendelerniAtic nslu bemial tere is TEE
ee Se a2) ect problens “hele perce oh fot
to colue: Lyithovl ony clase melae 7 9 fss fussy re
: : I
ah we oo, ad fou. sured re [nla
b: hs fie camplenty Of Ofrrary AT eae) f) fii si *y
‘ f } , we f li w - ° ® Y/; ‘ .
. tylufe faze complerilu fs) ln? ay caageh as. ”)
YW. f font wns
Fis ba ofthe teop bale 1s le
7",en,,"I-_ 複数の接続が行われている場合は、接続が完了します
and _toy, be salved ra thenl couplet fant Ae
_ urd eGstoo ¢ pvp st peeple paths PE a$
___NP Cr ヘンデラーニアティック nslu bemial tere は TEE
ee a2) ect の問題「hele perce oh fot」
連絡先: Lyithovl ony clase melae 7 9 fss fussy re
: : 私
ああ、私たち、アドフォウ。確かに[nla
b: hs fie Camplenty Ofrrary AT eae) f) fii si *y
‘ f } , we f li w - ° ® Y/; 「 。
。 tylufe faze complerilu fs) ln?アイ・カージ・アス。 ”）
Y.W. f フォント wns
フィス ベイ オブ ザ テオプ ベール 1s le
7","I-_ Poly cnnal ty ns nrab det eis wpe tatodporntes tie
اور _کھلونا، بچایا جائے
_ urd eGstoo ¢ he pvp st peeple paths PE a$
___NP Cr hendelerniAtic nslu bemial tere TEE ہے۔
ee Se a2) ect problens “hele perce oh fot
ٹو colue: Lyithovl ony clase melae 7 9 fss fussy re
:: میں
آہ ہم اوہ، اشتھار fou. یقینی طور پر [nla
b: hs fie camplenty Of Ofrrary AT eae) f) fii si *y
' f } , we f li w - ° ® Y/ ; '
. tylufe faze complerilu fs) ln؟ ay caageh as. ”)
YW f فونٹ wns
ٹیوپ بیل 1 ایس لی کی فِس با
7","I-_ Poly cnnal ty ns nrab det eis wpe tatodporntes tie
和 _toy，被拯救 ra thenl 对联 fant Ae
_ urd eGstoo ¢ 他 pvp st peeple paths PE a$
___NP Cr hendelerniAtic nslu bemial tere is TEE
ee Se a2) 等问题“hele perce oh fot
搭配：Lyithovl ony clase melae 7 9 fss fussy re
: : 我
啊，我们哦，ad fou。肯定重新[nla
b: hs fie Camplenty Ofrrary AT eae) f) fii si *y
‘ f } , we f li w - ° ® Y/; '。
。 tylufe faze complerilu fs) ln？艾卡吉”）
YW。 f 字体 wns
Fis ba ofthe teop bale 1s le
7",success
Screenshot_1.png,stylized,"iva. Wo SN Cad See
LIFE IS IN
THEIR HANDS-W DEATH IS ON
r THEIR MINDS!
EXPLODES
LIKE
12
HENRY F FONDA sticks
OF
f | DYNAMITE!
4,3 |
Pailiie
a UE COMB ER SBE .1 CMM AOR kc es
ao» SRE | are ENN HON | ORAS er one bY LEE |",en,,"イヴァ。 Wo SN Cad See
ライフ・イズ・イン
彼らの手が死を迎える
彼らの心よ！
爆発する
いいね！
12
ヘンリー・F・フォンダ スティック
オフ
f |ダイナマイト！
4,3 |
ペイリー
UE COMBER SBE .1 CMM AOR kc es
あお» SRE |エン・ホンです | ORAS er one by LEE |","iva Wo SN Cad See
زندگی داخل ہے۔
ان کے ہاتھ سے موت آن ہے۔
r ان کے دماغ!
پھٹتا ہے۔
LIKE
12
ہینری ایف فونڈا لاٹھی
آف
f | ڈائنامائٹ!
4,3 |
پیلی
ایک UE COMB ER SBE .1 CMM AOR kc es
ao» SRE | ENN HON ہیں | ORAS er one by LEE |","伊娃。沃 SN CAD 参见
生命在于
他们的手--死亡已经来临
他们的想法！
爆炸
喜欢
12
亨利·F·方达棍棒
的
f |炸药！
4,3 |
派利耶
a UE COMB ER SBE .1 CMM AOR kc es
AO» SRE |是 ENN HON | ORAS er one 由 LEE |",success
Screenshot_10.png,stylized,"TOKYO EXHIBITION
” m2 ’
eal]

aH 6",en,,"東京展
「m2」
食べる]

ああ6","ٹوکیو نمائش
ایم 2
eal]

اے ایچ 6","东京展
“米2”
埃尔]

6",success
Screenshot_11.png,stylized,it At 2 1,sq,it Father 2 1,,,,success
Screenshot_12.png,stylized,"ZEEE SSSR SORE ESE ESS The He
& &}
f ye w 3
‘ Lol al :
: ad 2 ‘
: ¢
a :
iB ad :
: 3 t
3 3
SS
iy i
o> cy
: :
: © L< :
| neneseaaenaereranaenesent",en,,"ZEEE SSSR SORE ESE ESS The He
& &}
あなたがたはw 3
「笑」：
: 広告 2 '
:¢
：
iB広告:
：3t
3 3
SS
そうだ、私は
o> し
: :
: © L< :
|ネネセアエナエレラナエネセント","ZEEE SSSR SORE ESE ESS The He
&&}
f آپ w 3
'لول ال:
: اشتہار 2‘
: ¢
a:
iB اشتہار:
: 3 ٹی
3
ایس ایس
iy i
o> cy
::
: © L< :
| neneseaaenaereranaenesent","ZEEE SSSR SORE ESE ESS 他
&&}
是啊w 3
'哈哈：
：广告 2'
： ￠
一个：
iB 广告：
：3吨
3 3
SS
我我
o> cy
: :
: © L< :
|内内海埃内埃内内森特",success
Screenshot_13.png,stylized,"} Gen Trafalgar

Square [
Lam beth =» | a al:
Bridge rai.",en,,"トラファルガー将軍

正方形 [
ラム・ベス =» |アル:
ブリッジライ。","} جنرل ٹرافالگر

مربع [
لام بیت =» | a al:
پل رائے۔","特拉法尔加将军

方形[
拉姆·贝丝 =» |阿尔：
莱桥。",success
Screenshot_14.png,stylized,"Give way to No footway
Humps for oncoming for 400 yds
'2 mile vehicles",en,,"歩道禁止で道を譲ってください
400ヤードの対向車のこぶ
「2マイル車両」","No footway کو راستہ دیں۔
400 گز کے لیے آنے والے کوبڑ
'2 میل گاڑیاں","给禁止行人让路
400 码迎面而来的驼峰
'2英里车辆",success
Screenshot_15.png,stylized,"aan + Roe | \
Joe ee "" i » 2 4
cS «. 4 . of Pets ie
—_— = =) —— ‘
a ‘3
y moe iw dans : ""
path leleyele wat . BS. ig te"", ”
*. “ t . ihe ars olathe”
@ P. ae al | = Bb oe ‘ee? al
: ~~ a m. oe *. * Sf, a",en,,"アーン+ロー | \
ジョー ee "" 私 » 2 4
cS«。 ４．ペットの
—_— = =) —— ‘
「3」
はい、私はダンズです: ""
パス レレエレ ワット 。 BS。イグテ""、""
*。 「私はあなたを助けます」
@P.アエル | = Bb oe 'ee?アル
: ~~ 午前中。えー*。 *SF、a","aan + Roe | \
جو ای "" میں » 2 4
سی ایس "". 4. پالتو جانوروں کی یعنی
—_— = =) —— ‘
ایک '3
y moe iw dans : ""
راہ لیلیے واٹ بی ایس ig te""
* ""t. ihe ars olathe""
@ P. ae al | = بی بی او ای ای؟ al
: ~~ ایک میٹر oe *. * Sf، a","aan + 鱼子 | \
乔伊“我”2 4
cS «. 4.宠物即
——_—— = =)——‘
一个‘3
y moe iw dans：“
勒莱耶勒寺小路。 BS。伊格特“，”
*。 “我是奥拉西”
@P. ae al | = Bb oe 'ee？阿尔
: ~~ 一个米。俄*。 * SF，a",success
Screenshot_16.png,stylized,"NO
EXIT",pt,"NO
EXIT",,,,success
Screenshot_17.png,stylized,"NO
ENTRY",pt,"NO
ENTRY",,,,success
Screenshot_18.png,stylized,MARKET SQUARE:,en,,マーケットスクエア:,مارکیٹ چوک:,市场广场：,success
Screenshot_19.png,stylized,". ur “f° ~ = ‘ * os : Sy b. tats te on i 7 er Owe 0 7 *). = ¥ -
‘ _—= aati . : ane ~ a gE
‘, RW - 2 Ga. tee Yr eee ' so ae Hee
lia wt, Lee, ae nein ce = 9 RY
GT AP oe Roysl Borough of <vungion
Sater Bis Was AD Che Woyal Borough oF ~) :ington a
ie ""ye ""al - yt Oe rf orl > «
Fond Spi TES aT and Cheises ey
a «6 el oY . -_""
apes STREET. SW1 Eee
Myon, : anes + ‘
rida ad ore ao i ° e « Ps #1
root See ga TOS ig Se SRO ORC lee
~ * ore 7 na . _¢@ Sh hee ~ : ~’
. - eB. oe wf ; — «fl « «§ . a ~~ a =
i ROC: i KS Mei Iie : . “wk Lae, o at e = a5",en,,"。 ur “f° ~ = ‘ * os : Sy b. tats te on i 7 er Owe 0 7 *). = ¥ -
「 _—= アティ . ：アネ～アゲ
'、RW-2 Ga. tee yr eee' ソエヒ
リア重量、リー、エナインス = 9 RY
GT AP oe Roysl Borough of <vungion>
セイター・ビスは～のADチェ・ウォヤル自治区だった：イントン・ア
つまり、「ye」al - yt Oerf orl > «
Spi TES at と Cheises ey が好き
«6エルオーY。 -_""
エイプストリート。 SW1 ええ
みょん、:アネス + ‘
Rida ad ore ao i ° e « Ps #1
root See ga TOS ig Se SRO ORC lee
～・俺7な。 _¢@ シヒ ~ : ~’
。 - eB.ああ、すごい。 — «fl « «§ 。 a ~~ a =
i ROC: i KS Mei Iie: 。 「wk Lae、o at e = a5」",". ur “f° ~ = ‘ * os : Sy b. tats te on i 7 er Owe 0 7 *)) = ¥ -
' _—= اتی : ane ~ a ge
', RW - 2 Ga. tee Yr eee' so ae Hee
lia wt, Lee, ae nein ce = 9 RY
GT AP oe Roysl Borough of <vungion
Sater Bis Was AD Che Woyal Borough oF ~) :ington a
یعنی ""ye"" al-yt Oe rf orl > «
شوق Spi TES aT اور Cheises ey
ایک «6 el oY . -_""
بندر گلی. SW1 Eee
Myon، : anes + '
Rida ad ore ao i ° e « Ps #1
جڑ دیکھیں ga TOS ig Se SRO ORC lee
~ * ایسک 7 na . _¢@ ش ہی ~ : ~'
. --.ای بی oe wf ; — «fl « «§ . a ~~ a =
میں ROC: i KS Mei Iie : . ""wk Lae, o at e = a5","。 ur “f° ~ = ‘ * os : Sy b. tats te on i 7 er Owe 0 7 *). = ¥ -
' _—= aati 。 : ane ~ a gE
', RW - 2 Ga. tee Yreee' so ae Hee
lia wt、Lee、ae nein ce = 9 RY
GT AP oe Roysl 自治市 <vungion
Sater Bis 是 AD Che Woyal 自治市镇 ~) :ington a
即“ye”al - yt Oe rf orl > «
Fond Spi TES aT 和 Cheises ey
一个 «6 el oY 。 -_”
猿街。 SW1 EE
Myon, : anes + ‘
Rida ad ore ao i ° e « Ps #1
root See ga TOS ig Se SRO ORC lee
~ * 矿石 7 na 。 _cent@Shhee ~ : ~’
。 - eB。 OE WF ; — «fl « «§ 。一个~~一个=
我 ROC：我 KS Mei Iie：。 “莱城周，o at e = a5",success
Screenshot_2.png,stylized,"~ apa oe ae . Lis, 7 ae « ‘
« a! A ‘ er. i! Pies 4 oar’ ° gh ay eo hy n eo - r i & ¥.:
4 aN gk ‘ , :t. 1 - = 4 “J - “cs 5 hg
3 . . ; ‘ ° ‘ , ae . . ra ‘
@ -¢ Y : ? + = q° . : : ‘ $f rf
Pg ee a) Ea f
, & ‘ ' AEC me) . ""7 . “Fe rey .
' 7 ‘ oe ; ‘~ z! ~~ > ""ge 3 J {i¢ | a! y “+ rs . :
te ———aeeee _) —_ oe _
> woe , SSR eave nana
Pe a9, Eowep repent
- . VY J may 44 sap ‘¢. ty ae ° Sie We ""09¢ 4S? 4
. qs . ‘ PETS : fa -. i 5 1 : . Oo : .
> | ay . ee ne - ~~ “ SAN R- ? « ~ ay i
,& : Pe, ve - 4 Vy r ive i, . : i
. t . . Ld : ar » . ob VO . . , ‘ aay, iL '
: a ~e ~ . ov . . . 4 . > :
= ee Me ot kee dee 4
Or ee a CRE eS eae
4 H ; =~ \. { a ¢ « . 5 ’ . . | ;
! A : e Ly , ‘pe _ ' - ' bo,
‘* » ee Mo —_—» if f) am . . eee ¥ ae . i 4 A 4 ’
hoard! J Ya . , Ire ets ” oy. ie Ge “nt ‘ Vs C ‘ eats 7° ""be
a vise ot trege, . + : }- ma. oN a “tea tige: ts lass. 4g. ae. iz a",en,,"~ アパ オエ アエ 。リス、7ae « 」
« ああ！えーっと。私！中出し4オール'°グアイエオヒネオリ&¥.:
4 aN gk ‘ , :t. 1 - = 4 “J -” cs 5 hg
３． 。 ; ‘°’、ええ。 。ラ「
@ -¢ Y : ? + = q° 。 : : ‘ $f rf
ページ a) Ea f
, & ‘ ’ AEC me) 。 「7.「フェ・レイ。
' 7 ' oe ; 「～ズ！ ~~ > ""ge 3 J {i¢ | a! y ""+ rs . :
て ———aeeee _) —_ oe _
> わあ、SSR 軒ナナ
Pe a9、エオウェプは悔い改めます
- 。 VY J は 44 の樹液を採取できます。 ty ae ° Sie We ""09¢ 4S? 4
。 qs 。 「ペット：ふぁー。 i 5 1 : 。おお：。
> |ああ。ええね-~~「SAN R-？ « ああ、私は
,& : Pe, ve - 4 Vy rive i, . ： 私
。と。 。 Ld:ar » 。オブ VO 。 。 、「ああ、iL」
: a ~e ~ 。 ov 。 。 。 ４． > :
= イー・ミー・オット・キー・ディー 4
または ee a CRE eS eae
4時間; =~ \。 { ¢ « 。 5’. 。 | ;
！ A : e Ly 、'pe _ ' - ' bo、
「* » ee Mo —_—» if f) am 。 。ええ￥ええ。 i 4 A 4 ’
蓄える！ Jや。 、Ire ets ” oy. ie Ge “nt ‘ Vs C ‘ Eats 7° ""be
バイス・オット・トレゲ、。 + : }-まあ。 「ティー・ティゲ：お嬢さん。 4g。ああ。私は","~ apa oe ae . Lis, 7 ae «‘‘
""ایک! ایک. میں! پائی 4 oar’ ° gh ay eo hy n eo - r i & ¥.:
4 aN gk ' , :t. 1 - = 4 “J – “cs 5 hg
3 . ; ' ° ' , ae . . ra'
@ -¢ Y : ? + = q° : : '$f rf
Pg ee a) Ea f
، اور ' AEC مجھے) . ""7 . ""فے رے .
' 7 ' oe ; ~ z! ~~ > ""ge 3 J {i¢ | a! y “ + rs . :
te ———aeeee _) —_ oe _
> افسوس، ایس ایس آر ایو نانا
Pe a9, Eowep توبہ
--. VY J مئی 44 sap ‘¢. ty ae ° Sie ہم ""09¢ 4S؟ 4
. qs ' PETS : fa -. i 5 1 : . اوو : .
> | اے ee ne - ~~ “ SAN R- ? ""~ اے میں
,& : Pe, ve - 4 Vy rive i, . : میں
. t . Ld : ar » . ob VO . ، 'اے اے، آئی ایل'
: a ~ e ~ . ov . . 4. > :
= ای می اوٹ کی ڈی 4
یا ee a CRE eS eae
4 H ; =~\. { a ¢ « . 5' . | ;
! A: e Ly، 'pe _' - 'bo،
'* » ee Mo —_—» اگر f) ہوں ۔ . eee¥ae میں 4 اے 4 ’
ذخیرہ اندوزی جے ہاں۔ , Ire ets ” oy. یعنی Ge “nt ‘ Vs C ‘ کھاتا ہے 7° ""be
a vise ot trege, . + : }- ایم اے۔ oN a “tea tige: ts lass. 4 جی ae iz a","~ apa oe ae 。利斯，7 ae « ‘
« 一个！嗯。我！馅饼 4 oar’ ° gh ay eo hy neo - r i & ¥.:
4 aN gk'，：t。 1 - = 4“J -”cs 5汞
3. 。 ; ‘°’，ae。 。拉'
@-￠Y：？ + = q° 。 : : ' $f rf
Pg ee a) Ea f
，&‘’AEC 我）。 “7。”费雷。
'7' OE ; ‘~z！ ~~ > “ge 3 J {i¢ | a!y “+ rs 。 ：
te ———aeeee_) —_ oe _
> 悲哀，SSR 屋檐娜娜
Pe a9，Eowep 悔改
- . VY J 5 月 44 日 sap ' 。 ty ae ° Sie We ""09 厘 4S? 4
。 qs。 '宠物：fa-。我 5 1 : .哦：。
> |哎呀。 ee ne - ~~ “SAN R-？ « ~ 是的，我
,& : Pe, ve - 4 Vyr ive i, . ： 我
。 t。 。 LD: ar » .观察VO。 。 ，‘啊，iL’
：一个~e~。过。 。 。 4. >：
= ee Me ot kee dee 4
或 ee a CRE eS eae
4H; =~\. { ∫ « . 5’。 。 | ;
！ A : e Ly , ‘pe _ ’ - ’ bo,
‘* » ee Mo —_—» 如果 f) am 。 。 eee ¥ ae 。我 4 A 4 '
囤积！雅. , Ire ets ” oy. ie Ge “nt ‘ Vs C’ 吃 7° “
虎钳 ot trege，. + : }- 妈。在“茶蒂格：姑娘。” 4克。 ae.是一个",success
Screenshot_20.png,stylized,"7 : ~~ « dl ""3. , ead TT vee, ; Pw ‘
Nw ° < ae 7 4 , 7, a“ a .
__ os,
as
attor ae
ge i a
Amersham 7 v
< ran tet ng
} me aes
ms . , ¥.
{ “s y P] ro _ = _ re ’ _ . a - oad (} * | 4
A i ar « Bel Re ek Ste a ST:
; : ee ee + ae P aca he ne ee a8 t 7 ¢ <,
; Rs - eh ons , ere TT. BN » 8° Aten we te OS, BR nen Oe
a a. 7 oe ur te ¢ Dd. 4 < . q an ' a. yr *) ‘ “ « roe .
AGOCEN ERORts Oe ee ere ee Tiel
o/s Ee ; 9 ibe ee er a —- 25 ion - a vv “ar °",en,,"7 : ~~ « dl ""3. , ead TT vee, ; Pw ‘
Nw ° < ae 7 4 , 7, a” a .
__OS、
として
弁護士Ae
げ、私は
アマシャム 7 v
< テストを実行しました
私はそうです
ミリ秒, ¥.
{ “s y P] ro _ = _ re ’ _ . a - oad (} * | 4
A i ar « Bel Reek Ste a ST:
; : ee ee + ae パカヘネ ee a8 t 7 ¢ <,
; Rs - えー、TT です。 BN » 8° Aten we te OS、BR nen Oe
ああ。 7 ありがとう ¢ Dd. 4 < 。 qとa。年 *) ‘ “ « イクラ 。
アゴセン・エラーツ・オーエ・エ・レ・エ・ティエル
o/s ええ; 9 ibe ee er a —- 25 ion - a vv “ar °","7 : ~~ « dl ""3. , ead TT vee, ; Pw '
Nw ° < ae 7 4, 7, a“ a .
__ os،
کے طور پر
وکیل ae
ge i a
امرشام 7 v
< tet ng بھاگا۔
} me aes
ms ¥.
{ ""s y P] ro _ = _ re ' _ . a - oad (} * | 4
A i ar « Bel Re ek Ste a ST:
; : ee ee + ae P aca he ne ee a8 t 7 ¢ <,
; روپے - ایہ اونس، پہلے ٹی ٹی۔ BN » 8° Aten we te OS, BR nen Oe
a 7 oe ur te ¢Dd. 4 < q an ' a. yr *) '' '' roe .
AGOCEN ERORts Oe ee ere ee Tiel
o/s Ee ; 9 ibe ee er a —- 25 ion - a vv “ar°","7 : ~~ « dl ""3. , ead TT vee, ; Pw ‘
Nw° < ae 7 4 , 7, a“ a .
__操作系统，
作为
阿托尔
给我一个
阿默舍姆 7 v
< 兰泰恩
我aes
女士, 日元。
{“sy P] ro _ = _ re ’ _ .a - oad (} * | 4
A i ar « Bel Reek Ste a ST:
; : ee ee + ae P aca he ne ee a8 t 7 ¢ <,
; Rs - eh ons，这里是 TT。 BN » 8° Aten we te OS, BR nen Oe
一个。 7 oe ur te ¢ Dd。 4 < . q 和 ' a。 yr *) ‘ “ « 鱼子 .
AGOCEN ERORts Oe ee ere ee Tiel
o/s Ee ； 9 ibe ee er a ---- 25 ion - a vv “ar°",success
Screenshot_3.png,stylized,AMAICA ROAD,hu,AMAICA ROAD,,,,success
Screenshot_4.png,stylized,"di @ al i , Pw al =f — © . 4 ; * t “""q , “— 4 4
. « Oe aU Oy wee
. ! ig : —_
— . *, |
} - ee i |
7 >t ang r - = ——",en,,"di@ali、Pwal=f — © . 4 ; * t「」q、「— 4 4
。 « Oe aU Oy wee
。 ！イグ：—_
— 。 *、 |
} - ええい |
7 >t ang r - = ——","di @ al i , Pw al =f — © . 4 ; * t """"q، ""- 4 4
. ""اوئے اوئے اوئے
. ! ig : -_
- *، |
} - ee i |
7 >t ang r - = ——","di @al i , Pw al =f — © 。 4 ; * t “”q , “— 4 4
。 « Oe aAU Oy wee
。 ！伊格：—_
— . *,|
} - ee 我 |
7 > 唐 r - = ——",success
Screenshot_5.png,stylized,"re «BB Shae ‘
1 r |

* @
Q Sipa@o io,
< y | ew | 3 Qe. 4 a ib. Orta",en,,"「BB シェイ」について
1r |

*@
Q Sipa@o io、
< y |えー | 3Qe。 ４ａ．オルタ","re «BB Shae‘
1 ر |

*@
Q Sipa@o io،
< y | ew | 3 کیو۔ 4 اے آئی بی۔ اورٹا","重新“BB Shae”
1 r |

* @
问西帕@o io，
< y |呃| 3 问。 4 一个IB。奥尔塔",success
Screenshot_6.png,stylized,"EeE—_— ae “— « <. ee d . —_— , ~~
he teh , ff = , q 4 _— i 4 = “ ZA wok ~
wat . via “a * ——— 7 q a | | q
ght ¢.°= ae eae bree -. *
~~ "" we. lg _  s-- an oo . << * e =) i
q ~~ = e- v= 4 ‘> 64 i,
- e ~ ae . Las &< , Se | a er | &
aie . — 4 x ~ { oe -—_ > Sa ee maar p , NN ‘ Sid
y i a Se E . SS 4 4 Pa - on ~ 4 ,
es. ® a “ Aime. ie j S ye a we a wey - oA a ao é ~ ™ . : — y
Sar ' és. 7
_ — My .",en,,"EeE—_— ae “— « <. ee d . —_— , ~~
he teh , ff = , q 4 _— i 4 = “ZA 中華鍋 ~
ワット。 「a * ——— 7 q a | | q」経由
ght ¢.°= ae eae ブリー -. *
~~「私たち。 lg_s-- oo 。 << * e =) i
q ~~ = e- v= 4 '> 64 i、
-e ~ ae 。ラス &< , セ |えー | &
あいえ。 — 4 x ~ { oe —_ > Sa ee maar p , NN ‘ Sid
y i a Se E . SS 4 4 パオン～4、
エス。 ® a “ Aime. ie j S ye a we a wey - oA a ao é ~ ™ . : — y
サルエス。 7
_ — 私の 。","EeE—_— ae “— « <. ee d. —_— , ~~
he teh , ff = , q 4 _— i 4 = "" ZA wok ~
واٹ بذریعہ “a* ——— 7 q a | | q
ght ¢.°= ae eae bree -. *
~~ ""ہم۔ lg _ s-- an oo . << * e =) i
q ~~ = e- v= 4 ‘> 64 i،
- e ~ ae . Las &< , Se | ایک er | اور
aie — 4 x ~ { oe -—_ > Sa ee Mar p , NN ' Sid
y i a Se E . SS 4 4 Pa - on ~ 4 ,
es ® a "" Aime. یعنی j Sye a we a wey - oA a ao é ~ ™. : — y
سر' és. 7
_ - میرا۔","EeE—_— ae “— « <. ee d . —_— , ~~
he teh , ff = , q 4 _— i 4 = “ ZA 炒锅 ~
扫管笏。通过“a * ——— 7 q a | | q
ght ¢.°= ae eae bree -. *
~~”我们。 lg_s-- oo 。 << * e =) 我
q ~~ = e- v= 4 ‘> 64 i,
-e~ae。拉斯 &< , Se |呃| &
哎呀。 — 4 x ~ { oe -—_ > Sa ee maar p , NN ‘ Sid
y i a Se E 。 SS 4 4 Pa-on ~ 4 ,
es. ® a “ Aime. ie j S ye a we a wey - oA a ao é ~ ™ . : — y
萨尔斯。 7
_——我的。",success
Screenshot_7.png,stylized,"-_ WB ee, = Fa. S
RM  Aiie lo z
SS - fi , Me “ Ear if 7 4
ee Pad on oO rw t, |
, an j “
\ . q",en,,"-_ WB ee、= ファ。 S
RM アイエ ロズ
SS - fi、私「耳なら7 4」
ee パッドオン oO rw t、 |
、j」
\ 。 q","-_ WB ee, = Fa. ایس
RM Aiie lo z
SS - fi , Me “ Ear if 7 4
ای پیڈ پر oO rw t، |
، ایک جے ""
\ q","-_ WB ee，= Fa。 S
RM Aiie lo z
SS-fi ，我“耳朵如果 7 4
ee Pad on oO rw t，|
, 一个 j “
\ . q",success
Screenshot_8.png,stylized,"-. os .-
-"". “Fulagit so set af Phe ees - x” ae
: oe Mt See a_i oe
eer0NAls oo ||
uy ® mt oF on o MS ©, ih hs Oo a my
| , ° “% a a > wy , eet a 2

Ce — s Mi . m, q i qs a . : | :
8 ad ad a sd — | ' re

. . Ft oe, an is

rays ( FA LU, | TKI. » 4!
a * d # ' 24 gs ®. ( ,

The entrance to the guest raom,becomes onlya hotel.guest 4 -—

| would like the meetings in'a lobby rn

re P m",en,,"-。 os .-
-""。「Fulagit so set af Phe ees - x」ae
: oe マウントシー a_i oe
eer0NAls oo ||
uy ® mt oF on o MS ©、ih hs Oo a my
| 、° “% a a > wy、eet a 2

セ—ス ミ 。 m、q i qs a 。 : | :
8 広告広告 SD — | 're

。 。フォート・オイ、アン・イズ

光線 ( FA LU、 | TKI. » 4!
a*d#'24gs®。 (、

ゲストラオムの入り口はホテルだけになります。ゲスト4 -

|ロビーでのミーティングを希望します

午後分","--. os.-
-"" ""Fulagit so set af Phe ees - x"" ae
: oe Mt دیکھیں a_i oe
eer0NAls oo ||
uy ® mt oF پر o MS ©، ih hs Oo a my
| , ° “% a a > wy , eet a 2

Ce - s Mi . m، q i qs a ۔ : | :
8 اشتہارات ایک ایس ڈی - | دوبارہ

. . Ft oe, an is

شعاعیں ( FA LU, | TKI. » 4!
a * d # ' 24 gs® (،

گیسٹ روم کا داخلی راستہ صرف ایک ہوٹل بن جاتا ہے۔ گیسٹ 4 --

| لابی میں ملاقاتیں چاہیں گے۔

re P m","-.操作系统.-
-”。“Fulagit so set af Phe ees - x” ae
: oe 山见 a_i oe
eer0NAls oo ||
uy ® mt of on o MS ©, ih hs Oo a my
| , °“% a a > wy , eet a 2

Ce—s Mi 。 m, q i qs a 。 : | ：
8 广告广告 sd — | ' 关于

。 。 ft oe，是

射线（FA LU，| TKI。 » 4！
a * d # ' 24 gs ®。 ( ,

客人房间的入口，变成了唯一的酒店。客人4——

|希望在大厅举行会议 rn

重新Pm",success
Screenshot_9.png,stylized,"“
.
¢
o , id
aid -— ow Mo we weer eet wee ww - e® . ~~ —— - ~ ene™ ,: oe ~-—w ow — om eee
-e @e- . a *¢
-
. ~
os : - a* @ <
aiid - ~@~ - rm a OO aw oe ere ee ee eee —~ map - _*
e
- . ee - -
.
.
eo
: ow ase . - ~
eae e
.
_ one NN Me we a ee: nn 8 eee ee eo ~~ « a a ae ~-.
- > . --
ae Sa ae ae a, ote Cn eae y SC . .
a A TS AC AR A LET
— a ht nn ir ne en ee ee Ed
+e Or eer WR 6 a 8 OE a Se es. SE OE ee Ee as .
. 7
*. - os
santas a i aden wee a ~ Pow... wae. a ee an en -. om % =
.
* ad et eee ~
_ - + pe. - - i me
.
5 cd eam
vn ~e . . ~~ , - .. ~~ nme * - es _-
.
* = . - .
ne i eee ad ~ . One . _ ew we _—— ~- eee ne .. . . —<. «
. . .
— s _ a en e .",af,"""
.
¢
oh id
aid -— ow Mo we eat again wee ww - e® . ~~ —— - ~ ene™ ,: oe ~-—w ow — om eee
-e @e- . a *¢
-
. ~
ox : - a* @ <
aiid - ~@~ - rm a OO aw oe ere ee ee eee —~ map - _*
e
- . eh - -
.
.
eo
: ow ase . - ~
etc
.
_ one NN Me we a ee: nn 8 eee ee eo ~~ « a a ae ~-.
-> . --
ae Sa ae ae a, ote Cn eae y SC . .
a A TS AC AR A LET
— a ht nn ir ne and ee ee Ed
+e Or honor WR 6 a 8 OE a Se es. SE OE ee Ee if .
. 7
*. - ox
santas a i aden woe a ~ Pow... wow. a ee an and -. to % =
.
* ad et eee ~
_ - + pe. - - i m
.
5 cd eam
from . ~~ , - .. ~~ nme * - es _-
.
* = . - .
ne i eee ad ~ . One. _ ew we _—— ~- eee ne .. . . —<. «
. . .
— s _ a and e .",,,,success
